{"count":12,"results":[{"id":1,"name":"Tom","description":"Finde das Flag auf folgender Webseite: <a href=\"/tom\">Link</a>","max_attempts":0,"value":100,"category":"Obfuscation","type":"standard","state":"visible","requirements":{"prerequisites":[13]}},{"id":2,"name":"Clientside","description":"Diese <a href=\"/clientside\">Webseite</a> hat ein login f\u00fcr den admin. Was er wohl versteckt?\r\n","max_attempts":0,"value":200,"category":"Web","type":"standard","state":"visible","requirements":{"prerequisites":[13]}},{"id":3,"name":"Hidden URL","description":"Der Administrator hat auf diesem Webserver eine geheime Seite versteckt, von der er nicht m\u00f6chte, dass du sie besuchst.","max_attempts":0,"value":200,"category":"Web","type":"standard","state":"visible","requirements":{"prerequisites":[13]}},{"id":5,"name":"Katzenbilder","description":"Schau dir mal diesen s\u00fcssen <a href=\"/katzenbilder\">Katzenblog</a> an!","max_attempts":0,"value":300,"category":"Obfuscation","type":"standard","state":"visible","requirements":{"prerequisites":[13]}},{"id":6,"name":"XSS","description":"Der Betreiber dieser <a href=\"/xss\">Seite</a> geht mit Reklamationen nicht vorbildlich um. Er scheint sie gar nicht zu pr\u00fcfen!","max_attempts":0,"value":300,"category":"Web","type":"standard","state":"visible","requirements":{"prerequisites":[13]}},{"id":7,"name":"Dokumentation ist wichtig!","description":"Lieber Entwickler\r\n\r\nDanke f\u00fcr den Code, aber was zur H\u00f6lle ist das denn bitte? Ich kann den Code weder lesen, noch ist er so dokumentiert, dass ihn ein Mensch verstehen kann. Ich habe dir deinen Sourcecode nochmals in den Anhang gelegt, bitte bring das in Ordnung!","max_attempts":0,"value":300,"category":"Reverse engineering","type":"standard","state":"visible","requirements":{"prerequisites":[13]}},{"id":8,"name":"LRSP","description":"Finde in diesem Textsample die l\u00e4ngste Zeichenfolge, die sich mindestens einmal wiederholt. (\"ABRACADABRA\" = ABRA)\r\n\r\nDie String kannst du in das typische Flag Format bringen und dir damit deine Punkte holen!\r\n\r\nbspw.: ctf{zeichenkette}","max_attempts":0,"value":400,"category":"Scripting","type":"standard","state":"visible","requirements":{"prerequisites":[13]}},{"id":9,"name":"Baby Shark","description":"Unser Netzwerk Security Team hat gestern einen Login Versuch von einer unbekannten IP entdeckt. Kurz darauf waren s\u00e4mtliche Daten auf dem Server verschwunden. Dir bleiben nur die mit WireShark abgefangenen Pakete um die Identit\u00e4t des Angreifers auffliegen zu lassen.\r\n\r\nFlag Format: ctf{namedesangreifers}","max_attempts":0,"value":300,"category":"Networking","type":"standard","state":"visible","requirements":{"prerequisites":[13]}},{"id":10,"name":"Et tu, Brute?","description":"Du findest auf deinem Computer die folgende Zeichenfolge:\r\n<b>PwduytlwfumnjNxyJnskfhm</b>\r\n\r\nDu hast keine Ahnung was das soll, aber du erinnerst dich an deine Kryptographie Vorlesung. Versuche, den Cyphertext zu entschl\u00fcsseln.\r\n\r\nFlagformat: ctf{entschl\u00fcsselteZeichenfolge}\r\n","max_attempts":0,"value":200,"category":"Cryptography","type":"standard","state":"visible","requirements":{"prerequisites":[13]}},{"id":11,"name":"Rockstar","description":"Ich habe ein Lied \u00fcber BFH CTF geschrieben. Wie findest du's?\r\n\r\nFlag Format: ctf{gefundenesFlag}","max_attempts":0,"value":400,"category":"Sonstiges","type":"standard","state":"visible","requirements":{"prerequisites":[13]}},{"id":13,"name":"Starte hier!","description":"Los geht's! In dieser Challenge machst du dich mit dem L\u00f6sen einer Challenge und dem Validieren von Flags vertraut und kriegst daf\u00fcr sogar ein paar Punkte!\r\n\r\nDer nachfolgende Bin\u00e4rcode sieht verd\u00e4chtig aus:\r\n\r\n01100011 01110100 01100110 01111011 00110011 01110010 01110011 01110100 00110011 01011111 01100011 01101000 01100001 01101100 01101100 00110011 01101110 01100111 00110011 01011111 01100111 00110011 01110011 01100011 01101000 01100001 01100110 01100110 01110100 01111101\r\n\r\nVersuche unter https://www.rapidtables.com/convert/number/binary-to-ascii.html den Bin\u00e4rcode zu \u00fcbersetzen und validiere das Ergebnis um deine ersten Punkte zu erhalten! Nachdem du die erste Challenge geschafft hast, werden alle anderen Challenges freigeschaltet!\r\n\r\n","max_attempts":0,"value":100,"category":"Sonstiges","type":"standard","state":"visible","requirements":null},{"id":14,"name":"Test","description":"test","max_attempts":0,"value":100,"category":"Mathematik - Krypto","type":"standard","state":"visible","requirements":null}],"meta":{}}