{"count":12,"results":[{"id":1,"type":"standard","location":"87e4c1afaeee4ec80818f87e99beb25d/bfh_logo.svg","challenge_id":null,"page_id":null},{"id":3,"type":"standard","location":"f8f67e074eb5aca5246d031aac206c93/bfh_logo.svg","challenge_id":null,"page_id":null},{"id":4,"type":"page","location":"b120cf854aaceec86bc6bb5a36c4fe79/bfh_logo.svg","challenge_id":null,"page_id":null},{"id":5,"type":"page","location":"6215c629fc2b91bf2b5e6eff59a101e7/bfh_logo.svg","challenge_id":null,"page_id":null},{"id":7,"type":"page","location":"dee51af933721c57c1b8afe63ebfa819/picture_of_a_red_cat.jpg","challenge_id":null,"page_id":null},{"id":8,"type":"page","location":"5b1c7fe3cba80fc8a85ab56059e725b0/picture_of_a_grey_cat.jpg","challenge_id":null,"page_id":null},{"id":9,"type":"page","location":"b854193653b83e3147eae3de4ce13573/picture_of_a_white_cat.jpg","challenge_id":null,"page_id":null},{"id":11,"type":"challenge","location":"61c6ef5bbb53f8baa977e05af9f035a9/what_is_this.txt","challenge_id":7,"page_id":null},{"id":12,"type":"challenge","location":"c6d1615bc66376ca66792563954eb92a/sample.txt","challenge_id":8,"page_id":null},{"id":13,"type":"challenge","location":"2a1d4c680274c3e7be431f7667d52318/packets.cap","challenge_id":9,"page_id":null},{"id":14,"type":"challenge","location":"c7fa80e2b524d8ce541c749bf054d26c/song.txt","challenge_id":11,"page_id":null},{"id":16,"type":"page","location":"57b7d2d58fa72a6aa3e1dd5ec037a244/picture_of_a_cat.JPG","challenge_id":null,"page_id":null}],"meta":{}}