{"count":13,"results":[{"id":1,"challenge_id":1,"type":"static","content":"ctf{qu3llt3xt_1st_n1cht_s1cher}","data":"case_insensitive"},{"id":2,"challenge_id":2,"type":"static","content":"ctf{3rst3_w3b_cha113ng3_g35chafft}","data":"case_insensitive"},{"id":3,"challenge_id":3,"type":"static","content":"CTF{h1dden_d1r3ct0r13s}","data":"case_insensitive"},{"id":5,"challenge_id":5,"type":"static","content":"ctf{th1s_1s_n0t_a_cat}","data":"case_insensitive"},{"id":6,"challenge_id":6,"type":"static","content":"ctf{cr0ss_s1t3_scr1pt1ng_1s_fun}","data":"case_insensitive"},{"id":7,"challenge_id":7,"type":"static","content":"ctf{1_h8_javascr1pt}","data":"case_insensitive"},{"id":8,"challenge_id":8,"type":"static","content":"ctf{Scr1pt1ng1sFun}","data":"case_insensitive"},{"id":9,"challenge_id":9,"type":"static","content":"ctf{johnmcguirk}","data":"case_insensitive"},{"id":10,"challenge_id":9,"type":"static","content":"ctf{john.mcguirk}","data":"case_insensitive"},{"id":11,"challenge_id":10,"type":"static","content":"ctf{KryptographieIstEinfach}","data":"case_insensitive"},{"id":12,"challenge_id":11,"type":"static","content":"ctf{rrrocknrn0113r}","data":"case_insensitive"},{"id":13,"challenge_id":13,"type":"static","content":"ctf{3rst3_chall3ng3_g3schafft}","data":"case_insensitive"},{"id":14,"challenge_id":14,"type":"static","content":"23","data":""}],"meta":{}}