{"count":27,"results":[{"id":1,"type":"standard","challenge_id":1,"content":"<br>\r\n<b> Geh zur Quelle! <b>","cost":10,"requirements":null},{"id":2,"type":"standard","challenge_id":1,"content":"<br>\r\n<b> Der Auftraggeber hat Tom etwas geheimes im Quelltext der Webseite hinterlassen <b>","cost":15,"requirements":null},{"id":3,"type":"standard","challenge_id":1,"content":"<br>\r\n<b> Unter https://www.base64decode.org/ kannst du Base64 codierte Strings decodieren. <b>","cost":25,"requirements":null},{"id":4,"type":"standard","challenge_id":2,"content":"<br>\r\n<b>Normalerweise werden Login Angaben an einen Server geschickt und dort gegen eine Datenbank mit den richtigen Werten gepr\u00fcft. Ist das hier auch so?<b>","cost":20,"requirements":null},{"id":5,"type":"standard","challenge_id":2,"content":"<br>\r\n<b>Der Javascript Code im Quelltext sieht interessant aus. Es scheint, als w\u00fcrden die Eingaben gegen die echten Logindaten des admins gepr\u00fcft.<b>","cost":30,"requirements":null},{"id":6,"type":"standard","challenge_id":2,"content":"<br>\r\n<b>Der Code m\u00fcsste wohl so \u00e4hnlich aussehen:<b>\r\n<br>\r\n <code>if (input1 == \"richtiger username\" && input2 == \"richtiges passwort\") {<code>\r\n<br>\r\nlogin(); }\r\n<code>","cost":50,"requirements":null},{"id":7,"type":"standard","challenge_id":8,"content":"\r\nhttps://en.wikipedia.org/wiki/Longest_repeated_substring_problem","cost":100,"requirements":null},{"id":8,"type":"standard","challenge_id":8,"content":"https://www.geeksforgeeks.org/longest-repeating-and-non-overlapping-substring/\r\n\r\nVersuche, den Code inklusive Driver-Code mit der String aus dem Sample auszuf\u00fchren. Achtung: Dein Computer braucht f\u00fcr diese Aufgabe wohl etwas Zeit.","cost":100,"requirements":null},{"id":9,"type":"standard","challenge_id":9,"content":"Versuche die Pakete mit WireShark zu \u00f6ffnen.\r\n\r\nhttps://www.wireshark.org/download.html","cost":30,"requirements":null},{"id":10,"type":"standard","challenge_id":9,"content":"Der Name des Angreifers sollte wahrscheinlich im Protokoll unter \"Attribute Value Pairs\" zu finden sein.","cost":100,"requirements":null},{"id":11,"type":"standard","challenge_id":5,"content":"M\u00f6glicherweise wird da ein Bild nicht richtig angezeigt. Was es wohl damit auf sich hat?","cost":30,"requirements":null},{"id":12,"type":"standard","challenge_id":5,"content":"Wenn sich ein .jpg nicht \u00f6ffnen l\u00e4sst, deutet dies darauf hin, dass der Hexcode des Bildes ver\u00e4ndert wurde.","cost":40,"requirements":null},{"id":13,"type":"standard","challenge_id":10,"content":"Es handelt sich um eine Substitutionschiffre. Alle Buchstaben des Klartextalphabets werden also mit einem Buchstaben des Chiffrealphabets ersetzt.","cost":20,"requirements":null},{"id":14,"type":"standard","challenge_id":10,"content":"Kannst du dich noch an die Caesar Chiffre erinnern?","cost":30,"requirements":null},{"id":15,"type":"standard","challenge_id":10,"content":"unter https://www.dcode.fr/caesar-cipher kannst du versuchen, mittels Bruteforce-Attacke alle m\u00f6glichen Verschiebungen zu pr\u00fcfen.","cost":50,"requirements":null},{"id":16,"type":"standard","challenge_id":11,"content":"Der Text scheint ein Programm zu sein, findest du mehr \u00fcber die Sprache heraus?\r\n\r\nhttps://esolangs.org/wiki/Rockstar","cost":50,"requirements":null},{"id":18,"type":"standard","challenge_id":11,"content":"Das Programm gibt eine Zahlenfolge aus. Scheint Decimal Code f\u00fcr eine ASCII Zeichenfolge zu sein, kannst du sie entziffern?\r\n\r\nhttps://www.rapidtables.com/convert/number/ascii-hex-bin-dec-converter.html","cost":150,"requirements":null},{"id":19,"type":"standard","challenge_id":5,"content":"Die Webseite https://hexed.it/ erm\u00f6glicht es dir, den Hexcode einer Datei genauer zu betrachten. M\u00f6glicherweise wurde hier ein Flag versteckt?","cost":80,"requirements":null},{"id":20,"type":"standard","challenge_id":6,"content":"XSS steht f\u00fcr Cross-site scripting. Vielleicht findest du hier mehr Infos:\r\nhttps://en.wikipedia.org/wiki/Cross-site_scripting","cost":25,"requirements":null},{"id":21,"type":"standard","challenge_id":6,"content":"M\u00f6glicherweise pr\u00fcft auch der Inhaber dieser Webseite die Eingaben seiner User nicht. Versuche es mit einer XSS Attacke.","cost":45,"requirements":null},{"id":22,"type":"standard","challenge_id":6,"content":"Hier findest du eine Liste mit bekannten XSS Payloads. Versuche doch ein paar als Eingabe auf der Webseite.\r\nhttps://github.com/pgaijin66/XSS-Payloads/blob/master/payload.txt","cost":80,"requirements":null},{"id":23,"type":"standard","challenge_id":3,"content":"Gibt es noch eine andere Art, eine Webseite zu besuchen, als per Link darauf zu gelangen?","cost":20,"requirements":null},{"id":24,"type":"standard","challenge_id":3,"content":"Wie k\u00f6nnte die geheime Seite, auf der sich das Flag versteckt heissen? Manchmal muss man auch einfach raten.","cost":30,"requirements":null},{"id":25,"type":"standard","challenge_id":3,"content":"\u00c4ndere die URL so ab, dass dich der Browser zur Seite deiner Wahl f\u00fchrt. Versuche es beispielsweise mit Begriffen wie /hidden, /secret oder /flagge.","cost":50,"requirements":null},{"id":26,"type":"standard","challenge_id":7,"content":"Findest du im Internet vielleicht einen Hinweis dar\u00fcber, was die Zeichen bedeuten k\u00f6nnten? Es scheint als w\u00e4re der Code absichtlich verunstaltet worden.","cost":25,"requirements":null},{"id":27,"type":"standard","challenge_id":7,"content":"http://www.jsfuck.com/\r\n\r\nwie k\u00f6nnte man diesen Vorgang r\u00fcckg\u00e4ngig machen?","cost":35,"requirements":null},{"id":28,"type":"standard","challenge_id":7,"content":"Versuche den Code in einer JavaScript Konsole auszuf\u00fchren - m\u00f6glicherweise wird so das Flag produziert. ","cost":90,"requirements":null}],"meta":{}}