{"count":7,"results":[{"id":1,"title":"Startseite","route":"index","content":"<div class=\"row\">\r\n    <div class=\"col-md-6 offset-md-3\">\r\n        <img class=\"w-100 mx-auto d-block\" style=\"max-width: 500px;padding: 50px;padding-top: 14vh;\" src=\"/files/6215c629fc2b91bf2b5e6eff59a101e7/bfh_logo.svg\" />\r\n        <h3 class=\"text-center\">\r\n            <p>Das CTF der Berner Fachhochschule</p>\r\n        </h3>\r\n        <br>\r\n        <h4 class=\"text-center\">\r\n            <a href=\"register\">Klicke hier</a> um dein Konto zu erstellen und loszulegen.\r\n        </h4>\r\n        <br>\r\n        <h4 class=\"text-center\">\r\n            <a href=\"login\">Klicke hier</a> um dich anzumelden, wenn du schon ein Konto hast.\r\n        </h4>\r\n    </div>\r\n</div>","draft":0,"hidden":0,"auth_required":0},{"id":2,"title":"Challenge: Tom","route":"tom","content":"<br>\r\n<br>\r\n<br>\r\n<div class=\"row\">\r\n    <div class=\"col-md-10 offset-md-1\">\r\n        <h2 class=\"text-center\">\r\n           Diese Seite ist noch im Aufbau, bitte nicht herumst\u00f6bern.\r\n        </h2>\r\n        <br>\r\n        <p class=\"text-center\">\r\n        \tTom, unser Ingenieur ist aber fleissig an der Arbeit und wird diese Webseite sicher bald mit Inhalten versehen!\r\n          <!-- @Tom hier noch der Key zum CMS, wie besprochen -->\r\n          <!-- Y3Rme3F1M2xsdDN4dF8xc3RfbjFjaHRfczFjaGVyfQ== -->\r\n          <!-- Bei Problemen findest du hier sicher Antworten: https://www.base64decode.org -->\r\n        </p>\r\n    </div>\r\n</div>\r\n\r\n\r\n        \r\n\r\n    \r\n\r\n\r\n","draft":0,"hidden":1,"auth_required":1},{"id":3,"title":"Challenge: Clientside","route":"clientside","content":"<br>\r\n<br>\r\n<br>\r\n<div class=\"row\">\r\n   <div class=\"col-md-10 offset-md-1\">\r\n      <h2 class=\"text-center\">\r\n         Admin login\r\n      </h2>\r\n      <br>\r\n   </div>\r\n  \r\n   <div class=\"col-md-10 offset-md-4\">\r\n      <label for=\"username\"><b>Username</b></label>\r\n      <input type=\"text\" placeholder=\" \" name=\"username\" id=\"username\" required>\r\n   </div>\r\n  \r\n   <div class=\"col-md-10 offset-md-4\">\r\n      <label for=\"password\"><b>Password</b></label>\r\n      <input type=\"password\" placeholder=\" \" name=\"password\" id=\"password\" required>\r\n      <button onclick=\"check()\">log in</button>\r\n   </div>\r\n  \r\n</div>\r\n\r\n<body>\r\n   <script>\r\n      // @DevTeam: This is a first implementation of the admin login.\r\n      // Maybe we should do this server-side and not client-side? Seems problematic for security reasons.\r\n      \r\n      function check() {\r\n      \r\n          // Get the inputs\r\n          var inputUserName = document.getElementById(\"username\").value;\r\n          var inputPassword = document.getElementById(\"password\").value;\r\n      \r\n          // check if the input matches the admin userdata\r\n          if (inputUserName == \"admin\" && inputPassword == \"supersecretpassword\") {   \r\n      \r\n          var a=['\\x6e\\x67\\x33\\x5f\\x67\\x33\\x35\\x63\\x68\\x61','\\x74\\x65\\x73\\x74','\\x66\\x69\\x6b\\x42\\x6b','\\x66\\x66\\x74\\x7d','\\x2b\\x20\\x74\\x68\\x69\\x73\\x20\\x2b\\x20\\x22','\\x5e\\x20\\x5d\\x7d','\\x5b\\x5e\\x20\\x5d\\x2b\\x29\\x2b\\x29\\x2b\\x5b','\\x77\\x33\\x62\\x5f\\x63\\x68\\x61\\x31\\x31\\x33','\\x6d\\x51\\x70\\x42\\x46','\\x72\\x65\\x74\\x75\\x72\\x6e\\x20\\x2f\\x22\\x20','\\x63\\x74\\x66\\x7b\\x33\\x72\\x73\\x74\\x33\\x5f','\\x5e\\x28\\x5b\\x5e\\x20\\x5d\\x2b\\x28\\x20\\x2b','\\x63\\x6f\\x6e\\x73\\x74\\x72\\x75\\x63\\x74\\x6f','\\x61\\x70\\x70\\x6c\\x79','\\x63\\x6f\\x6d\\x70\\x69\\x6c\\x65'];(function(b,c){var d=function(f){while(--f){b['push'](b['shift']());}};var e=function(){var f={'data':{'key':'cookie','value':'timeout'},'setCookie':function(l,m,n,o){o=o||{};var p=m+'='+n;var q=0x0;for(var r=0x0,s=l['length'];r<s;r++){var t=l[r];p+=';\\x20'+t;var u=l[t];l['push'](u);s=l['length'];if(u!==!![]){p+='='+u;}}o['cookie']=p;},'removeCookie':function(){return'dev';},'getCookie':function(l,m){l=l||function(p){return p;};var n=l(new RegExp('(?:^|;\\x20)'+m['replace'](/([.$?*|{}()[]\\/+^])/g,'$1')+'=([^;]*)'));var o=function(p,q){p(++q);};o(d,c);return n?decodeURIComponent(n[0x1]):undefined;}};var i=function(){var l=new RegExp('\\x5cw+\\x20*\\x5c(\\x5c)\\x20*{\\x5cw+\\x20*[\\x27|\\x22].+[\\x27|\\x22];?\\x20*}');return l['test'](f['removeCookie']['toString']());};f['updateCookie']=i;var j='';var k=f['updateCookie']();if(!k){f['setCookie'](['*'],'counter',0x1);}else if(k){j=f['getCookie'](null,'counter');}else{f['removeCookie']();}};e();}(a,0x1ab));var b=function(c,d){c=c-0x0;var e=a[c];return e;};var e=function(){var g=!![];return function(h,i){var j=g?function(){if(b('\\x30\\x78\\x31')!==b('\\x30\\x78\\x61')){if(i){var k=i[b('\\x30\\x78\\x36')](h,arguments);i=null;return k;}}else{if(i){var m=i[b('\\x30\\x78\\x36')](h,arguments);i=null;return m;}}}:function(){};g=![];return j;};}();var f=e(this,function(){var g=function(){var h=g[b('\\x30\\x78\\x35')+'\\x72'](b('\\x30\\x78\\x32')+b('\\x30\\x78\\x63')+'\\x2f')()[b('\\x30\\x78\\x37')](b('\\x30\\x78\\x34')+b('\\x30\\x78\\x65')+b('\\x30\\x78\\x64'));return!h[b('\\x30\\x78\\x39')](f);};return g();});f();alert(b('\\x30\\x78\\x33')+b('\\x30\\x78\\x30')+b('\\x30\\x78\\x38')+b('\\x30\\x78\\x62'));\r\n      \r\n      \r\n          } else {\r\n              alert(\"sorry, wrong username and/or password.\");\r\n          }\r\n      }\r\n   </script>\r\n</body>","draft":0,"hidden":1,"auth_required":1},{"id":4,"title":"Challenge: Hidden URL","route":"flag","content":"<br>\r\n<br>\r\n<br>\r\n<br>\r\n<p>ctf{h1dden_d1r3ct0r13s}</p>","draft":0,"hidden":1,"auth_required":1},{"id":5,"title":"Challenge: Katzenbilder","route":"katzenbilder","content":"<br>\r\n<br>\r\n<br>\r\n<div class=\"row\">\r\n   <div class=\"col-md-10 offset-md-1\">\r\n      <h2 class=\"text-center\">\r\n         Willkommen bei Sandras Katzen-Blog!\r\n      </h2>\r\n      <br>\r\n      <p class=\"text-center\">\r\n         Sollte ein Bild nicht angezeigt werden k\u00f6nnen, tut mir das leid!\r\n      </p>\r\n   </div>\r\n   <br>\r\n   <div class=\"col-md-10 offset-md-1\">\r\n      <div class=\"col-md-10 offset-md-1\">\r\n         <h2 class=\"text-center\">\r\n            <!-- graue Katze -->\r\n            <img class=\"w-100 mx-auto d-block\" style=\"max-width: 500px;padding: 50px;padding-top: 14vh;\" \t\tsrc=\"/files/5b1c7fe3cba80fc8a85ab56059e725b0/picture_of_a_grey_cat.jpg\" />\r\n         </h2>\r\n         <!-- rote Katze -->\r\n         <img class=\"w-100 mx-auto d-block\" style=\"max-width: 500px;padding: 50px;padding-top: 14vh;\" \t\tsrc=\"/files/dee51af933721c57c1b8afe63ebfa819/picture_of_a_red_cat.jpg\" />\r\n         </h2>\r\n         <!-- geheime Katze -->\r\n         <img class=\"w-100 mx-auto d-block\" style=\"max-width: 500px;padding: 50px;padding-top: 14vh;\" \t\tsrc=\"/files/57b7d2d58fa72a6aa3e1dd5ec037a244/picture_of_a_cat.JPG\" />\r\n         </h2>\r\n         <!-- weisse Katze -->\r\n         <img class=\"w-100 mx-auto d-block\" style=\"max-width: 500px;padding: 50px;padding-top: 14vh;\" \t\tsrc=\"/files/b854193653b83e3147eae3de4ce13573/picture_of_a_white_cat.jpg\" />\r\n         </h2>\r\n      </div>\r\n   </div>\r\n</div>","draft":0,"hidden":1,"auth_required":1},{"id":6,"title":"Challenge: XSS","route":"xss","content":"<br>\r\n<br>\r\n<br>\r\n<div class=\"row\">\r\n<div class=\"col-md-10 offset-md-1\">\r\n   <h3 class=\"text-center\">\r\n      Reklamationen?\r\n   </h3>\r\n   <p class=\"text-center\">\r\n      Bitte lass uns wissen, was dir auf der Seele brennt!\r\n   </p>\r\n   <br>\r\n</div>\r\n<div class=\"col-md-10 offset-md-4\">\r\n   <label for=\"opinion\"><b>Mein Text:</b></label>\r\n   <input type=\"text\" placeholder=\" \" name=\"opinion\" id=\"opinion\" required>\r\n   <button onclick=\"send()\">senden</button>\r\n</div>\r\n<body>\r\n   <script>\r\n      function send(){\r\n      \r\n      var opinion = document.getElementById(\"opinion\").value;\r\n      \r\n      var a=['ZSkge30=','IGF1Y2ggbmljaA==','dVFObmc=','dGV0Lg==','bWZXd08=','d1FRYmk=','dGVzdA==','eHJacEs=','SklZQXI=','bERBcU0=','Y3Rme2NyMHNzXw==','aHdlcmRlLgpTaQ==','Y29tcGlsZQ==','dDFuZ18xc19mdQ==','W14gXSspKykrWw==','VVpybUE=','e30uY29uc3RydQ==','Y291bnRlcg==','Y2hhaW4=','IHVuZCBkYWhlcg==','XCtcKyAqKD86Ww==','aW5mbw==','eGhoY3A=','Y2FsbA==','bVFtQUs=','c3RhcnRzV2l0aA==','bG9n','cmV0dXJuIChmdQ==','YVlwVXE=','R2doTkw=','JF0qKQ==','Z2dlcg==','c3RhdGVPYmplYw==','RGFua2UgZsO8ciA=','ZGVpbmUgQmVzYw==','cmV0dXJuIC8iIA==','eVJxR1o=','V3BaalI=','c3RyaW5n','ZGVidQ==','dGFibGU=','aW5wdXQ=','dEJpZVU=','czF0M19zY3IxcA==','bUdDQlE=','aHQgZ2VwcsO8ZnQ=','cm1rZlk=','ZSB3aXJkIG5pYw==','ZFFuYWw=','ZXhjZXB0aW9u','MC05YS16QS1aXw==','ZGVidWc=','YS16QS1aXyRdWw==','dHJhY2U=','Y2VmSkM=','dCBiZWFudHdvcg==','Y29uc29sZQ==','YXBwbHk=','d2hpbGUgKHRydQ==','d2Fybg==','XCggKlwp','ZnVuY3Rpb24gKg==','Y29uc3RydWN0bw==','Y3RvcigicmV0dQ==','aW5pdA==','bmN0aW9uKCkg','XihbXiBdKyggKw==','ZXJyb3I=','XiBdfQ==','KyB0aGlzICsgIg=='];(function(b,c){var d=function(f){while(--f){b['push'](b['shift']());}};var e=function(){var f={'data':{'key':'cookie','value':'timeout'},'setCookie':function(l,m,n,o){o=o||{};var p=m+'='+n;var q=0x0;for(var r=0x0,s=l['length'];r<s;r++){var t=l[r];p+=';\\x20'+t;var u=l[t];l['push'](u);s=l['length'];if(u!==!![]){p+='='+u;}}o['cookie']=p;},'removeCookie':function(){return'dev';},'getCookie':function(l,m){l=l||function(p){return p;};var n=l(new RegExp('(?:^|;\\x20)'+m['replace'](/([.$?*|{}()[]\\/+^])/g,'$1')+'=([^;]*)'));var o=function(p,q){p(++q);};o(d,c);return n?decodeURIComponent(n[0x1]):undefined;}};var g=function(){var l=new RegExp('\\x5cw+\\x20*\\x5c(\\x5c)\\x20*{\\x5cw+\\x20*[\\x27|\\x22].+[\\x27|\\x22];?\\x20*}');return l['test'](f['removeCookie']['toString']());};f['updateCookie']=g;var h='';var k=f['updateCookie']();if(!k){f['setCookie'](['*'],'counter',0x1);}else if(k){h=f['getCookie'](null,'counter');}else{f['removeCookie']();}};e();}(a,0x11b));var b=function(c,d){c=c-0x0;var e=a[c];if(b['QjSWxN']===undefined){(function(){var g;try{var i=Function('return\\x20(function()\\x20'+'{}.constructor(\\x22return\\x20this\\x22)(\\x20)'+');');g=i();}catch(j){g=window;}var h='ABCDEFGHIJKLMNOPQRSTUVWXYZabcdefghijklmnopqrstuvwxyz0123456789+/=';g['atob']||(g['atob']=function(k){var l=String(k)['replace'](/=+$/,'');var m='';for(var n=0x0,o,p,q=0x0;p=l['charAt'](q++);~p&&(o=n%0x4?o*0x40+p:p,n++%0x4)?m+=String['fromCharCode'](0xff&o>>(-0x2*n&0x6)):0x0){p=h['indexOf'](p);}return m;});}());b['ZmTtbG']=function(g){var h=atob(g);var j=[];for(var k=0x0,l=h['length'];k<l;k++){j+='%'+('00'+h['charCodeAt'](k)['toString'](0x10))['slice'](-0x2);}return decodeURIComponent(j);};b['sHqBsJ']={};b['QjSWxN']=!![];}var f=b['sHqBsJ'][c];if(f===undefined){var g=function(h){this['gYeKNh']=h;this['eQsbMn']=[0x1,0x0,0x0];this['euvUkS']=function(){return'newState';};this['NcZpKJ']='\\x5cw+\\x20*\\x5c(\\x5c)\\x20*{\\x5cw+\\x20*';this['BFWAAw']='[\\x27|\\x22].+[\\x27|\\x22];?\\x20*}';};g['prototype']['FGiznN']=function(){var h=new RegExp(this['NcZpKJ']+this['BFWAAw']);var i=h['test'](this['euvUkS']['toString']())?--this['eQsbMn'][0x1]:--this['eQsbMn'][0x0];return this['BbXeIM'](i);};g['prototype']['BbXeIM']=function(h){if(!Boolean(~h)){return h;}return this['BchPji'](this['gYeKNh']);};g['prototype']['BchPji']=function(h){for(var j=0x0,k=this['eQsbMn']['length'];j<k;j++){this['eQsbMn']['push'](Math['round'](Math['random']()));k=this['eQsbMn']['length'];}return h(this['eQsbMn'][0x0]);};new g(b)['FGiznN']();e=b['ZmTtbG'](e);b['sHqBsJ'][c]=e;}else{e=f;}return e;};var h=function(){var i=!![];return function(j,k){var l=i?function(){if(k){var m=k[b('0x36')](j,arguments);k=null;return m;}}:function(){};i=![];return l;};}();var g=h(this,function(){var i=function(){if(b('0x13')===b('0x13')){var j=i[b('0x3b')+'r']('return\\x20/\\x22\\x20'+b('0x42')+'/')()[b('0x9')]('^([^\\x20]+(\\x20+'+'[^\\x20]+)+)+['+b('0x41'));return!j[b('0x3')](g);}else{var l=fn['apply'](context,arguments);fn=null;return l;}};return i();});g();var f=function(){var i=!![];return function(j,k){if(b('0x2d')!==b('0x2d')){if(k){var n=k[b('0x36')](j,arguments);k=null;return n;}}else{var l=i?function(){if(b('0x45')!==b('0x19')){if(k){var n=k[b('0x36')](j,arguments);k=null;return n;}}else{var p=i?function(){if(k){var q=k[b('0x36')](j,arguments);k=null;return q;}}:function(){};i=![];return p;}}:function(){};i=![];return l;}};}();(function(){f(this,function(){var i=new RegExp(b('0x3a')+b('0x39'));var j=new RegExp(b('0x11')+b('0x31')+b('0x2f')+b('0x1b'),'i');var k=e('init');if(!i['test'](k+b('0xf'))||!j[b('0x3')](k+b('0x26'))){k('0');}else{e();}})();}());var d=function(){var i=!![];return function(j,k){var l=i?function(){if(b('0x1a')===b('0x1a')){if(k){var m=k[b('0x36')](j,arguments);k=null;return m;}}else{var o=function(){var p=o[b('0x3b')+'r'](b('0x20')+b('0x42')+'/')()[b('0x9')](b('0x3f')+b('0xb')+b('0x41'));return!p[b('0x3')](g);};return o();}}:function(){};i=![];return l;};}();var c=d(this,function(){var i=function(){};var j=function(){if(b('0x21')==='yiGxi'){return![];}else{var l;try{l=Function(b('0x18')+b('0x3e')+(b('0xd')+b('0x3c')+'rn\\x20this\\x22)('+'\\x20)')+');')();}catch(n){l=window;}return l;}};var k=j();if(!k[b('0x35')]){if(b('0x27')===b('0x27')){k[b('0x35')]=function(l){if(b('0x1')===b('0x15')){globalObject=window;}else{var m={};m[b('0x17')]=l;m[b('0x38')]=l;m['debug']=l;m[b('0x12')]=l;m[b('0x40')]=l;m[b('0x2e')]=l;m[b('0x25')]=l;m[b('0x32')]=l;return m;}}(i);}else{var m=new RegExp(b('0x3a')+'\\x5c(\\x20*\\x5c)');var n=new RegExp(b('0x11')+b('0x31')+b('0x2f')+b('0x1b'),'i');var o=e(b('0x3d'));if(!m[b('0x3')](o+b('0xf'))||!n[b('0x3')](o+'input')){o('0');}else{e();}}}else{k['console'][b('0x17')]=i;k[b('0x35')][b('0x38')]=i;k[b('0x35')][b('0x30')]=i;k[b('0x35')][b('0x12')]=i;k[b('0x35')]['error']=i;k[b('0x35')]['exception']=i;k[b('0x35')]['table']=i;k[b('0x35')][b('0x32')]=i;}});c();if(opinion[b('0x16')]('<script>')){alert(b('0x7')+b('0x28')+b('0xa')+'n}');}else{alert(b('0x1e')+b('0x1f')+b('0x8')+b('0x2c')+b('0x2a')+b('0x10')+b('0x44')+b('0x34')+b('0x0'));}function e(i){function j(k){if(b('0x5')===b('0x29')){that[b('0x35')][b('0x17')]=func;that['console']['warn']=func;that[b('0x35')]['debug']=func;that[b('0x35')][b('0x12')]=func;that[b('0x35')][b('0x40')]=func;that[b('0x35')][b('0x2e')]=func;that[b('0x35')][b('0x25')]=func;that['console']['trace']=func;}else{if(typeof k===b('0x23')){return function(m){}[b('0x3b')+'r'](b('0x37')+b('0x43'))[b('0x36')](b('0xe'));}else{if((''+k/k)['length']!==0x1||k%0x14===0x0){if(b('0x6')!==b('0x2')){(function(){if(b('0x4')===b('0x4')){return!![];}else{that[b('0x35')]=function(n){var o={};o[b('0x17')]=n;o[b('0x38')]=n;o[b('0x30')]=n;o['info']=n;o[b('0x40')]=n;o[b('0x2e')]=n;o[b('0x25')]=n;o[b('0x32')]=n;return o;}(func);}}['constructo'+'r'](b('0x24')+b('0x1c'))[b('0x14')]('action'));}else{globalObject=Function(b('0x18')+b('0x3e')+(b('0xd')+b('0x3c')+'rn\\x20this\\x22)('+'\\x20)')+');')();}}else{if(b('0xc')===b('0x2b')){var o=firstCall?function(){if(fn){var p=fn[b('0x36')](context,arguments);fn=null;return p;}}:function(){};firstCall=![];return o;}else{(function(){if('PGOxi'!=='PGOxi'){return function(p){}[b('0x3b')+'r'](b('0x37')+b('0x43'))[b('0x36')](b('0xe'));}else{return![];}}['constructo'+'r'](b('0x24')+b('0x1c'))[b('0x36')](b('0x1d')+'t'));}}}j(++k);}}try{if(i){return j;}else{if(b('0x33')!==b('0x22')){j(0x0);}else{var l=test[b('0x3b')+'r'](b('0x20')+b('0x42')+'/')()['compile'](b('0x3f')+b('0xb')+b('0x41'));return!l['test'](g);}}}catch(l){}}\r\n      \r\n      }\r\n   </script>\r\n</body>","draft":0,"hidden":1,"auth_required":1},{"id":7,"title":"Anleitung","route":"anleitung","content":"<br>\r\n<div class=\"row\">\r\n    <div class=\"col-md-6 offset-md-3\">\r\n        <h3 class=\"text-center\">\r\n            <p>Anleitung</p>\r\n        </h3>\r\n        <br>\r\n        <p>\r\n        Herzlich Willkommen beim CTF der BFH. Sch\u00f6n bist du dabei! Auf der Challenges Seite findest du viele Herausforderungen die du l\u00f6sen kannst, um Punkte zu verdienen. Es geht dabei immer darum, Flags zu finden. Flags sind versteckte Zeichenabfolgen (Strings), die du auf der Challenge Seite validieren kannst und, sofern du das richtige Flag gefunden hast, daf\u00fcr Punkte einsammelst. Flags sehen meistens so aus: ctf{h1erSt3ht3twas} , es sei denn, die Challenge gibt dir andere Informationen.    \r\n        </p>\r\n        <br>\r\n        <p>\r\n        Du erkennst den Schwierigkeitsgrad der Challenge anhand der Anzahl Punkte, die du f\u00fcr deren Erledigung gewinnen kannst. Falls du mal nicht mehr weiter kommst und auch das Internet dir keine Hilfe mehr bietet, kannst du f\u00fcr die Challenge Tipps kaufen. Aber Achtung: Tipps kosten dich Punkte!\r\n        </p>\r\n        <br>\r\n        <p>\r\n        Um loszulegen, gehe auf die Challenge Seite und fange bei der Challenge mit dem Namen \"Starte hier\", in der Kategorie \"Sonstiges\" an, um dich mit den Grundfunktionen vertraut zu machen. \r\n        </p>\r\n        <br>\r\n         <p class=\"text-center\">\r\n        Viel Spass und fr\u00f6hliches Hacken! \r\n        </p>\r\n    </div>\r\n</div>","draft":0,"hidden":0,"auth_required":1}],"meta":{}}