{"count":7,"results":[{"id":1,"user_id":1,"team_id":null,"target":4,"date":"2020-04-28T07:54:51","type":"hints"},{"id":2,"user_id":1,"team_id":null,"target":5,"date":"2020-04-28T07:55:10","type":"hints"},{"id":3,"user_id":1,"team_id":null,"target":6,"date":"2020-04-28T07:55:24","type":"hints"},{"id":4,"user_id":1,"team_id":null,"target":1,"date":"2020-04-28T15:06:26","type":"hints"},{"id":5,"user_id":1,"team_id":null,"target":2,"date":"2020-04-28T15:06:40","type":"hints"},{"id":6,"user_id":1,"team_id":null,"target":3,"date":"2020-04-28T15:06:47","type":"hints"},{"id":7,"user_id":1,"team_id":null,"target":16,"date":"2020-10-09T10:44:01","type":"hints"}],"meta":{}}